Post1,post1slug,post1 test
post2,post2_slug,post2 text
Email,post3_slug,post3 text
Email,post3_slug2,2222222222222222222222222222222
title from site,title_add_to_form,tttttttttttttttttttttttttttttttt
title from site,title_add_to_form,tttttttttttttttttttttttttttttttt
title from site 3,title_add_to_form3,qwertyyuui
title from site 4,title_add_to_form4,"qwerfgjm,,,"
title from site 5,title_add_to_form5,hkhkhkhkhkhhk
title from site 6,title_add_to_form6,hkhkhkhkhkhhkhhhh
title from site 7,title_add_to_form7,"Lorem ipsum dolor sit amet, consectetur adipiscing elit."
post 13,post_13,qwerrtyujjnnnn
post 14,post_14,prororokgkg14
shell post,slug_shel_post,shell text
text, text, text
text, text, text
text, text, text
text, text, text
text, text, text
text, text, text
text, text, text
text, text, text
