iphone,Б/у,35 р.
Iphone 6 space Gray в отличном состоянии,"5''- 5.4'', 3 гб, б/у",155 р.
Apple iPhone 6 16 gb silver,Б/у,180 р.
IPhone 6,"До 2 гб, б/у",150 р.
"iPhone 6, 16 gb","4.1''- 4.9'', б/у",170 р.
iPhone 6,Б/у,250 р.
Смартфон Appel iPhone 6,Б/у,200 р.
Iphone 6 32 gb,"4.1''- 4.9'', б/у",180 р.
Айфон 6  32гб,Б/у,180 р.
Айфон 6,"5''- 5.4'', до 2 гб, б/у",185 р.
iPhone 6 32GB,Б/у,250 р.
Iphone 6,"До 2 гб, б/у",120 р.
iPhone 6,Б/у,180 р.
Продам айфон 6,"4.1''- 4.9'', до 2 гб, б/у",250 р.
iPhone 6,"До 2 гб, б/у",50 р.
IPhone 6 64ГБ,"5''- 5.4'', 4 гб, б/у",230 р.
Iphone 6,Б/у,100 р.
Iphone 6,Б/у,220 р.
Телефон,Б/у,270 р.
Iphone 6 32 gb,Б/у,200 р.
Продам iphone 6,"4.1''- 4.9'', б/у",130 р.
iPhone 6/64 + AirPods 1 поколение,Б/у,370 р.
Продам IPhone 6,Б/у,240 р.
Обмен Iphone 6 32 на другой IPhone,"4.1''- 4.9'', б/у",Договорная
IPhone 6s Space Gray,"4.1''- 4.9'', б/у",240 р.
iPhone 6 32,Б/у,160 р.
iPhone 6,Б/у,100 р.
iPhone 6 64гб,Б/у,140 р.
"iPhone 6, 64гб","4.1''- 4.9'', до 2 гб, б/у",240 р.
iPhone 6 64gb,Б/у,139 р.
Iphone 6,Б/у,65 р.
iPhone,Б/у,255 р.
iPhone 6,"4.1''- 4.9'', до 2 гб, б/у",160 р.
iPhone 6,Б/у,180 р.
iPhone 6-16gb идеальное состояние,Б/у,160 р.
Apple iPhone 6,Б/у,300 р.
Айфон 6,Б/у,200 р.
iPhone 6 128 GB,Б/у,230 р.
Продам iPhone 6/32,Б/у,210 р.
iphone 6,Б/у,110 р.
iPhone 6 Gold блокирован iCloud,Б/у,100 р.
iPhone,Б/у,200 р.
