Дрель-шуруповерт Werker CD 1201 Li с 1-м АКБ,"59,90"
Дисковая (циркулярная) пила Werker CS 185 L,"139,90"
Дрель-шуруповерт Werker CD 1212 Li с 2-мя АКБ,"109,90"
Дрель-шуруповерт Bosch GSR 120-LI Professional 06019G8000,"226,00"
Дрель-шуруповерт Werker DSE 280,"59,90"
Дисковая (циркулярная) пила Bosch PKS 55 0603500020,"219,90"
Дрель-шуруповерт Bosch GSR 180-LI Professional 06019F8109,"329,90"
Угловая шлифмашина Makita MT M9508,"126,00"
Перфоратор Werker RH 620,"139,90"
Электроотвертка Werker EWCD 001,"49,90"
Промышленный фен Werker HG 2000,"54,90"
Угловая шлифмашина Bosch GWS 670 Professional 0601375606,"123,00"
Электролобзик Werker JS 850,"99,90"
Рубанок BOSCH PHO 1500 06032A4020,"199,90"
Дрель-шуруповерт Bosch GSR 12V-30 Professional 06019G9000,"309,00"
Перфоратор Makita HR 2470,"349,00"
Гравер Werker EG 160,"89,90"
Угловая шлифмашина Makita GA5030,"164,00"
Угловая шлифмашина Союз УШС-9010,"69,90"
Электролобзик Bosch PST 650 06033A0720,"146,00"
Дрель-шуруповерт Werker CD 1412 Li (с 2-мя АКБ),"169,90"
Угловая шлифмашина Bosch GWS 9-125 S 0601396102,"214,00"
Дрель-шуруповерт Werker EWCDL 814,"179,90"
Электролобзик Bosch GST 700 Professional 06012A7020,"179,90"
